index	mz	KEGG ID	score	formula	ion	name
1	59.0132566021161	C00033	100	C2H4O2	-H(-)	Acetate
1	59.0132566021161	C00266	100	C2H4O2	-H(-)	Glycolaldehyde
2	60.9926409833317	C01353	100	H2CO3	-H(-)	Carbonic acid
3	71.0133428174868	C00546	100	C3H4O2	-H(-)	Methylglyoxal
4	71.0495544248259	C01412	100	C4H8O	-H(-)	Butanal
5	72.992595961425	C00048	100	C2H2O3	-H(-)	Glyoxylate
6	73.0290526504229	C00163	100	C3H6O2	-H(-)	Propanoate
6	73.0290526504229	C00424	100	C3H6O2	-H(-)	(S)-Lactaldehyde
6	73.0290526504229	C00937	100	C3H6O2	-H(-)	(R)-Lactaldehyde
6	73.0290526504229	C05235	100	C3H6O2	-H(-)	Hydroxyacetone
7	75.0081809940347	C00160	100	C2H4O3	-H(-)	Glycolate
8	84.0450237241542	C02659	100	C4H7NO	-H(-)	Acetone cyanohydrin
9	86.0241999192184	C02218	100	C3H5NO2	-H(-)	Dehydroalanine
9	86.0241999192184	C20253	100	C3H5NO2	-H(-)	Aminoacrylate
10	87.0446942906965	C00246	100	C4H8O2	-H(-)	Butanoic acid
11	88.0402143061892	C00041	100	C3H7NO2	-H(-)	L-Alanine
11	88.0402143061892	C00099	100	C3H7NO2	-H(-)	beta-Alanine
11	88.0402143061892	C00133	100	C3H7NO2	-H(-)	D-Alanine
12	89.0240519649161	C00184	100	C3H6O3	-H(-)	Glycerone
12	89.0240519649161	C00186	100	C3H6O3	-H(-)	(S)-Lactate
12	89.0240519649161	C00256	100	C3H6O3	-H(-)	(R)-Lactate
12	89.0240519649161	C00577	100	C3H6O3	-H(-)	D-Glyceraldehyde
12	89.0240519649161	C01013	100	C3H6O3	-H(-)	3-Hydroxypropanoate
13	93.0343265384459	C00146	100	C6H6O	-H(-)	Phenol
14	94.9801373181469	C11145	100	CH4SO3	-H(-)	Methanesulfonic acid
15	94.9901953651363	C20396	100	CH5O3P	-H(-)	Methylphosphonate
15	94.9901953651363	C00033	10	C2H4O2	.Cl(-)	Acetate
15	94.9901953651363	C00266	10	C2H4O2	.Cl(-)	Glycolaldehyde
16	95.0134421352655	C07090	100	C5H4O2	-H(-)	Protoanemonin
17	100.039908394311	C17234	100	C4H7NO2	-H(-)	2-Aminobut-2-enoate
18	101.023991892418	C00109	100	C4H6O3	-H(-)	2-Oxobutanoate
18	101.023991892418	C00164	100	C4H6O3	-H(-)	Acetoacetate
18	101.023991892418	C00232	100	C4H6O3	-H(-)	Succinate semialdehyde
18	101.023991892418	C06002	100	C4H6O3	-H(-)	(S)-Methylmalonate semialdehyde
19	102.019158998354	C20249	100	C3H5NO3	-H(-)	(Z)-3-Peroxyaminoacrylate
20	102.055682686321	C00334	100	C4H9NO2	-H(-)	4-Aminobutanoate
20	102.055682686321	C03284	100	C4H9NO2	-H(-)	L-3-Amino-isobutanoate
21	103.002875953264	C00168	100	C3H4O4	-H(-)	Hydroxypyruvate
21	103.002875953264	C01146	100	C3H4O4	-H(-)	2-Hydroxy-3-oxopropanoate
22	103.03968014105	C00989	100	C4H8O3	-H(-)	4-Hydroxybutanoic acid
22	103.03968014105	C06001	100	C4H8O3	-H(-)	(S)-3-Hydroxyisobutyrate
23	105.018881197326	C00258	100	C3H6O4	-H(-)	D-Glycerate
24	107.049627849849	C01468	100	C7H8O	-H(-)	4-Cresol
25	109.029124891072	C00090	100	C6H6O2	-H(-)	Catechol
25	109.029124891072	C00530	100	C6H6O2	-H(-)	Hydroquinone
26	111.019695398212	C00106	100	C4H4N2O2	-H(-)	Uracil
27	112.050189016737	C00791	69	C4H7N3O	-H(-)	Creatinine
28	113.024049216645	C00596	100	C5H6O3	-H(-)	2-Hydroxy-2,4-pentadienoate
28	113.024049216645	C07091	100	C5H6O3	-H(-)	cis-Acetylacrylate
29	113.035259528467	C00429	100	C4H6N2O2	-H(-)	5,6-Dihydrouracil
29	113.035259528467	C02512	100	C4H6N2O2	-H(-)	3-Cyano-L-alanine
29	113.035259528467	C02565	100	C4H6N2O2	-H(-)	N-Methylhydantoin
30	114.055665440068	C00148	100	C5H9NO2	-H(-)	L-Proline
31	115.003405546938	C00122	100	C4H4O4	-H(-)	Fumarate
32	115.039513990962	C00141	100	C5H8O3	-H(-)	3-Methyl-2-oxobutanoic acid
32	115.039513990962	C03273	100	C5H8O3	-H(-)	5-Oxopentanoate
33	116.034720338042	C00441	100	C4H7NO3	-H(-)	L-Aspartate 4-semialdehyde
33	116.034720338042	C03508	100	C4H7NO3	-H(-)	L-2-Amino-3-oxobutanoic acid
34	116.071367763266	C00183	100	C5H11NO2	-H(-)	L-Valine
34	116.071367763266	C00719	100	C5H11NO2	-H(-)	Betaine
35	117.018966218188	C00042	100	C4H6O4	-H(-)	Succinate
36	118.050378775837	C00188	100	C4H9NO3	-H(-)	L-Threonine
36	118.050378775837	C00263	100	C4H9NO3	-H(-)	L-Homoserine
36	118.050378775837	C05519	100	C4H9NO3	-H(-)	L-Allothreonine
37	118.980126625615	C00957	100	C3H4O3S	-H(-)	Mercaptopyruvate
38	121.029276152816	C00180	100	C7H6O2	-H(-)	Benzoate
39	121.040002544158	C00153	100	C6H6N2O	-H(-)	Nicotinamide
40	122.024401769761	C00253	100	C6H5NO2	-H(-)	Nicotinate
40	122.024401769761	C06813	100	C6H5NO2	-H(-)	Nitrobenzene
41	123.045086994583	C02323	100	C7H8O2	-H(-)	Salicyl alcohol
41	123.045086994583	C00989	33	C4H8O3	.F(-)	4-Hydroxybutanoic acid
41	123.045086994583	C06001	33	C4H8O3	.F(-)	(S)-3-Hydroxyisobutyrate
42	125.024069934558	C02814	100	C6H6O3	-H(-)	Benzene-1,2,4-triol
43	125.035749813027	C00178	100	C5H6N2O2	-H(-)	Thymine
44	127.050893348046	C00906	100	C5H8N2O2	-H(-)	5,6-Dihydrothymine
45	128.034983810292	C04281	100	C5H7NO3	-H(-)	L-1-Pyrroline-3-hydroxy-5-carboxylate
46	129.019000937304	C00490	100	C5H6O4	-H(-)	Itaconate
46	129.019000937304	C02226	100	C5H6O4	-H(-)	2-Methylmaleate
47	129.030734089091	C20254	100	C4H6N2O3	-H(-)	Ureidoacrylate
47	129.030734089091	C01468	7	C7H8O	.Na/H-H(-)	4-Cresol
48	129.055372483892	C00233	100	C6H10O3	-H(-)	4-Methyl-2-oxopentanoate
48	129.055372483892	C00671	100	C6H10O3	-H(-)	(S)-3-Methyl-2-oxopentanoic acid
49	130.01397578517	C05840	100	C4H5NO4	-H(-)	Iminoaspartate
50	130.051120504529	C00430	100	C5H9NO3	-H(-)	5-Aminolevulinate
50	130.051120504529	C01157	100	C5H9NO3	-H(-)	Hydroxyproline
50	130.051120504529	C01165	100	C5H9NO3	-H(-)	L-Glutamate 5-semialdehyde
50	130.051120504529	C03741	100	C5H9NO3	-H(-)	(S)-4-Amino-5-oxopentanoate
51	130.087006531613	C00123	100	C6H13NO2	-H(-)	L-Leucine
51	130.087006531613	C00407	100	C6H13NO2	-H(-)	L-Isoleucine
52	131.034709024886	C00489	100	C5H8O4	-H(-)	Glutarate
52	131.034709024886	C00900	100	C5H8O4	-H(-)	2-Acetolactate
52	131.034709024886	C03589	100	C5H8O4	-H(-)	4-Hydroxy-2-oxopentanoate
52	131.034709024886	C04181	100	C5H8O4	-H(-)	3-Hydroxy-3-methyl-2-oxobutanoic acid
52	131.034709024886	C06010	100	C5H8O4	-H(-)	(S)-2-Acetolactate
52	131.034709024886	C11838	100	C5H8O4	-H(-)	(4S)-4,5-Dihydroxypentan-2,3-dione
53	131.04575883006	C00152	100	C4H8N2O3	-H(-)	L-Asparagine
53	131.04575883006	C02642	100	C4H8N2O3	-H(-)	3-Ureidopropionate
54	131.082430981429	C00077	100	C5H12N2O2	-H(-)	L-Ornithine
55	132.030092861519	C00049	100	C4H7NO4	-H(-)	L-Aspartate
56	133.014123750066	C00149	100	C4H6O5	-H(-)	(S)-Malate
56	133.014123750066	C00497	100	C4H6O5	-H(-)	(R)-Malate
57	133.050566881701	C01801	100	C5H10O4	-H(-)	Deoxyribose
57	133.050566881701	C04039	100	C5H10O4	-H(-)	2,3-Dihydroxy-3-methylbutanoate
57	133.050566881701	C04272	100	C5H10O4	-H(-)	(R)-2,3-Dihydroxy-3-methylbutanoate
58	134.046792260265	C06056	100	C4H9NO4	-H(-)	4-Hydroxy-L-threonine
59	135.030997937997	C00262	100	C5H4N4O	-H(-)	Hypoxanthine
60	135.045155749334	C03765	100	C8H8O2	-H(-)	4-Hydroxyphenylacetaldehyde
60	135.045155749334	C07086	100	C8H8O2	-H(-)	Phenylacetic acid
61	136.039904285399	C00108	100	C7H7NO2	-H(-)	Anthranilate
61	136.039904285399	C00568	100	C7H7NO2	-H(-)	4-Aminobenzoate
62	136.076330745777	C00483	100	C8H11NO	-H(-)	Tyramine
63	138.019476073933	C00870	100	C6H5NO3	-H(-)	4-Nitrophenol
64	138.066696174868	C01279	100	C6H9N3O	-H(-)	4-Amino-5-hydroxymethyl-2-methylpyrimidine
64	138.066696174868	C01929	100	C6H9N3O	-H(-)	L-Histidinal
65	140.082567022135	C00860	100	C6H11N3O	-H(-)	L-Histidinol
66	145.014269085231	C00026	100	C5H6O5	-H(-)	2-Oxoglutarate
67	145.050469019099	C00966	100	C6H10O4	-H(-)	2-Dehydropantoate
67	145.050469019099	C06006	100	C6H10O4	-H(-)	(S)-2-Aceto-2-hydroxybutanoate
67	145.050469019099	C14463	100	C6H10O4	-H(-)	(R)-3-Hydroxy-3-methyl-2-oxopentanoate
67	145.050469019099	C16272	100	C6H10O4	-H(-)	3-Hydroxy-5-oxohexanoate
68	145.06194475979	C00064	100	C5H10N2O3	-H(-)	L-Glutamine
68	145.06194475979	C00819	100	C5H10N2O3	-H(-)	D-Glutamine
68	145.06194475979	C05100	100	C5H10N2O3	-H(-)	3-Ureidoisobutyrate
69	145.097919831062	C00047	100	C6H14N2O2	-H(-)	L-Lysine
70	146.046061416194	C00025	100	C5H9NO4	-H(-)	L-Glutamate
70	146.046061416194	C00217	100	C5H9NO4	-H(-)	D-Glutamate
70	146.046061416194	C00302	100	C5H9NO4	-H(-)	Glutamate
70	146.046061416194	C00979	100	C5H9NO4	-H(-)	O-Acetyl-L-serine
70	146.046061416194	C05938	100	C5H9NO4	-H(-)	L-4-Hydroxyglutamate semialdehyde
71	147.029562851921	C02612	100	C5H8O5	-H(-)	(R)-2-Methylmalate
71	147.029562851921	C06032	100	C5H8O5	-H(-)	D-erythro-3-Methylmalate
71	147.029562851921	C04051	10	C4H6N4O	.Na/H-H(-)	5-Amino-4-imidazolecarboxyamide
72	147.045080404454	C00423	100	C9H8O2	-H(-)	trans-Cinnamate
73	147.067092457503	C00522	100	C6H12O4	-H(-)	(R)-Pantoate
73	147.067092457503	C06007	100	C6H12O4	-H(-)	(R)-2,3-Dihydroxy-3-methylpentanoate
74	149.045478298433	C00121	100	C5H10O5	-H(-)	D-Ribose
74	149.045478298433	C00181	100	C5H10O5	-H(-)	D-Xylose
74	149.045478298433	C00259	100	C5H10O5	-H(-)	L-Arabinose
74	149.045478298433	C00309	100	C5H10O5	-H(-)	D-Ribulose
74	149.045478298433	C00310	100	C5H10O5	-H(-)	D-Xylulose
74	149.045478298433	C00312	100	C5H10O5	-H(-)	L-Xylulose
74	149.045478298433	C00508	100	C5H10O5	-H(-)	L-Ribulose
74	149.045478298433	C08353	100	C5H10O5	-H(-)	beta-D-Ribopyranose
74	149.045478298433	C16639	100	C5H10O5	-H(-)	beta-D-Ribofuranose
75	149.06052827427	C02646	100	C9H10O2	-H(-)	4-Coumaryl alcohol
75	149.06052827427	C05629	100	C9H10O2	-H(-)	Phenylpropanoate
76	150.041940908935	C00242	100	C5H5N5O	-H(-)	Guanine
77	151.026022841533	C00385	100	C5H4N4O2	-H(-)	Xanthine
78	151.039900839151	C04043	100	C8H8O3	-H(-)	3,4-Dihydroxyphenylacetaldehyde
79	152.034594056248	C00632	100	C7H7NO3	-H(-)	3-Hydroxyanthranilate
80	152.071295782713	C03758	100	C8H11NO2	-H(-)	Dopamine
81	152.99509375506	C02876	100	C3H7O5P	-H(-)	Propanoyl phosphate
81	152.99509375506	C00042	10	C4H6O4	.Cl(-)	Succinate
81	152.99509375506	C00141	5	C5H8O3	.K/H-H(-)	3-Methyl-2-oxobutanoic acid
81	152.99509375506	C03273	5	C5H8O3	.K/H-H(-)	5-Oxopentanoate
82	153.01852920375	C00196	100	C7H6O4	-H(-)	2,3-Dihydroxybenzoate
83	154.013876418785	C02235	100	C6H5NO4	-H(-)	4-Nitrocatechol
84	154.061995729018	C00135	100	C6H9N3O2	-H(-)	L-Histidine
85	154.975014242732	C00988	100	C2H5O6P	-H(-)	2-Phosphoglycolate
85	154.975014242732	C00042	5	C4H6O4	.K/H-H(-)	Succinate
86	154.998808010815	C20797	39	C3H8O5S	-H(-)	2,3-Dihydroxypropane-1-sulfonate
87	155.009940276912	C00295	100	C5H4N2O4	-H(-)	Orotate
88	157.014236641072	C02222	100	C6H6O5	-H(-)	2-Maleylacetate
88	157.014236641072	C02501	100	C6H6O5	-H(-)	2-Hydroxymuconate
88	157.014236641072	C03453	100	C6H6O5	-H(-)	gamma-Oxalocrotonate
88	157.014236641072	C00262	9	C5H4N4O	.Na/H-H(-)	Hypoxanthine
89	157.025352313512	C00337	100	C5H6N2O4	-H(-)	(S)-Dihydroorotate
90	157.037408581841	C02350	100	C4H6N4O3	-H(-)	(S)-Allantoin
91	157.050537321411	C02631	100	C7H10O4	-H(-)	2-Isopropylmaleate
92	159.029733435845	C00322	100	C6H8O5	-H(-)	2-Oxoadipate
93	159.077345783683	C00993	100	C6H12N2O3	-H(-)	D-Alanyl-D-alanine
94	160.061253175762	C01077	100	C6H11NO4	-H(-)	O-Acetyl-L-homoserine
95	161.045314161683	C03979	100	C6H10O5	-H(-)	2-Dehydro-3-deoxy-L-rhamnonate
96	163.039825660833	C00166	100	C9H8O3	-H(-)	Phenylpyruvate
96	163.039825660833	C05838	100	C9H8O3	-H(-)	cis-2-Hydroxycinnamate
96	163.039825660833	C12621	100	C9H8O3	-H(-)	trans-3-Hydroxycinnamate
97	163.060702542975	C00507	100	C6H12O5	-H(-)	L-Rhamnose
97	163.060702542975	C00861	100	C6H12O5	-H(-)	L-Rhamnulose
97	163.060702542975	C01019	100	C6H12O5	-H(-)	6-Deoxy-L-galactose
97	163.060702542975	C01721	100	C6H12O5	-H(-)	L-Fuculose
97	163.060702542975	C02338	100	C6H12O5	-H(-)	beta-L-Rhamnose
97	163.060702542975	C02476	100	C6H12O5	-H(-)	alpha-L-Rhamnose
98	164.071628741505	C00079	100	C9H11NO2	-H(-)	L-Phenylalanine
98	164.071628741505	C02265	100	C9H11NO2	-H(-)	D-Phenylalanine
99	165.055279811625	C11457	100	C9H10O3	-H(-)	3-(3-Hydroxyphenyl)propanoic acid
100	166.014537249855	C03722	100	C7H5NO4	-H(-)	Quinolinate
101	166.050902631798	C00250	100	C8H9NO3	-H(-)	Pyridoxal
102	166.974021759825	C00074	100	C3H5O6P	-H(-)	Phosphoenolpyruvate
102	166.974021759825	C00036	12	C4H4O5	.Cl(-)	Oxaloacetate
102	166.974021759825	C00490	6	C5H6O4	.K/H-H(-)	Itaconate
102	166.974021759825	C02226	6	C5H6O4	.K/H-H(-)	2-Methylmaleate
103	167.021293300463	C00366	100	C5H4N4O3	-H(-)	Urate
104	167.034705108624	C05577	100	C8H8O4	-H(-)	3,4-Dihydroxymandelaldehyde
105	167.082205395582	C00534	100	C8H12N2O2	-H(-)	Pyridoxamine
106	168.005688006925	C11638	96	C3H8NO5P	-H(-)	3-Amino-2-oxopropyl phosphate
106	168.005688006925	C00049	8	C4H7NO4	.Cl(-)	L-Aspartate
107	168.066331046758	C00314	100	C8H11NO3	-H(-)	Pyridoxine
108	168.990512857849	C00111	100	C3H7O6P	-H(-)	Glycerone phosphate
108	168.990512857849	C00118	100	C3H7O6P	-H(-)	D-Glyceraldehyde 3-phosphate
108	168.990512857849	C00149	10	C4H6O5	.Cl(-)	(S)-Malate
108	168.990512857849	C00497	10	C4H6O5	.Cl(-)	(R)-Malate
108	168.990512857849	C00489	5	C5H8O4	.K/H-H(-)	Glutarate
108	168.990512857849	C00900	5	C5H8O4	.K/H-H(-)	2-Acetolactate
108	168.990512857849	C03589	5	C5H8O4	.K/H-H(-)	4-Hydroxy-2-oxopentanoate
108	168.990512857849	C04181	5	C5H8O4	.K/H-H(-)	3-Hydroxy-3-methyl-2-oxobutanoic acid
108	168.990512857849	C06010	5	C5H8O4	.K/H-H(-)	(S)-2-Acetolactate
108	168.990512857849	C11838	5	C5H8O4	.K/H-H(-)	(4S)-4,5-Dihydroxypentan-2,3-dione
109	169.050414872114	C05576	100	C8H10O4	-H(-)	3,4-Dihydroxyphenylethyleneglycol
110	170.045658436707	C03972	100	C7H9NO4	-H(-)	2,3,4,5-Tetrahydrodipicolinate
111	171.007056868188	C00093	100	C3H9O6P	-H(-)	sn-Glycerol 3-phosphate
111	171.007056868188	C00262	10	C5H4N4O	.Cl(-)	Hypoxanthine
111	171.007056868188	C01801	5	C5H10O4	.K/H-H(-)	Deoxyribose
111	171.007056868188	C04039	5	C5H10O4	.K/H-H(-)	2,3-Dihydroxy-3-methylbutanoate
111	171.007056868188	C04272	5	C5H10O4	.K/H-H(-)	(R)-2,3-Dihydroxy-3-methylbutanoate
112	171.029574817928	C02637	100	C7H8O5	-H(-)	3-Dehydroshikimate
112	171.029574817928	C07478	100	C7H8O5	-H(-)	2-Hydroxy-5-methyl-cis,cis-muconate
112	171.029574817928	C07479	100	C7H8O5	-H(-)	2-Oxo-5-methyl-cis-muconate
113	172.061449540317	C01250	100	C7H11NO4	-H(-)	N-Acetyl-L-glutamate 5-semialdehyde
114	173.009338297206	C00417	100	C6H6O6	-H(-)	cis-Aconitate
114	173.009338297206	C00385	8	C5H4N4O2	.Na/H-H(-)	Xanthine
115	173.045224412561	C00493	100	C7H10O5	-H(-)	Shikimate
115	173.045224412561	C04236	100	C7H10O5	-H(-)	(2S)-2-Isopropyl-3-oxosuccinate
116	173.093368832241	C00437	100	C7H14N2O3	-H(-)	N-Acetylornithine
117	173.104336349002	C00062	100	C6H14N4O2	-H(-)	L-Arginine
118	175.025898265902	C00072	100	C6H8O6	-H(-)	Ascorbate
118	175.025898265902	C04053	100	C6H8O6	-H(-)	5-Dehydro-4-deoxy-D-glucuronate
118	175.025898265902	C04349	100	C6H8O6	-H(-)	(4S)-4,6-Dihydroxy-2,5-dioxohexanoate
119	175.036593866274	C00438	100	C5H8N2O5	-H(-)	N-Carbamoyl-L-aspartate
120	175.061150584645	C02504	100	C7H12O5	-H(-)	alpha-Isopropylmalate
120	175.061150584645	C04411	100	C7H12O5	-H(-)	(2R,3S)-3-Isopropylmalate
121	177.040554684569	C00198	100	C6H10O6	-H(-)	D-Glucono-1,5-lactone
121	177.040554684569	C00204	100	C6H10O6	-H(-)	2-Dehydro-3-deoxy-D-gluconate
121	177.040554684569	C01216	100	C6H10O6	-H(-)	2-Dehydro-3-deoxy-D-galactonate
121	177.040554684569	C05394	100	C6H10O6	-H(-)	3-Keto-beta-D-galactose
122	177.055174563731	C20646	100	C10H10O3	-H(-)	(3S)-2-Oxo-3-phenylbutanoate
123	178.072452183669	C02262	100	C6H13NO5	-H(-)	D-Galactosamine
123	178.072452183669	C16675	100	C7H9N5O	-H(-)	7-Aminomethyl-7-carbaguanine
124	179.034909652099	C01179	100	C9H8O4	-H(-)	3-(4-Hydroxyphenyl)pyruvate
124	179.034909652099	C12623	100	C9H8O4	-H(-)	trans-2,3-Dihydroxycinnamate
125	179.056191480492	C00031	100	C6H12O6	-H(-)	D-Glucose
125	179.056191480492	C00095	100	C6H12O6	-H(-)	D-Fructose
125	179.056191480492	C00124	100	C6H12O6	-H(-)	D-Galactose
125	179.056191480492	C00137	100	C6H12O6	-H(-)	myo-Inositol
125	179.056191480492	C00159	100	C6H12O6	-H(-)	D-Mannose
125	179.056191480492	C00221	100	C6H12O6	-H(-)	beta-D-Glucose
125	179.056191480492	C00267	100	C6H12O6	-H(-)	alpha-D-Glucose
125	179.056191480492	C00984	100	C6H12O6	-H(-)	alpha-D-Galactose
125	179.056191480492	C01487	100	C6H12O6	-H(-)	D-Allose
125	179.056191480492	C01934	100	C6H12O6	-H(-)	L-Rhamnonate
125	179.056191480492	C02336	100	C6H12O6	-H(-)	beta-D-Fructose
126	181.051028684426	C04044	100	C9H10O4	-H(-)	3-(2,3-Dihydroxyphenyl)propanoate
126	181.051028684426	C12622	100	C9H10O4	-H(-)	cis-3-(3-Carboxyethenyl)-3,5-cyclohexadiene-1,2-diol
126	181.051028684426	C03979	40	C6H10O5	.F(-)	2-Dehydro-3-deoxy-L-rhamnonate
127	183.006113838784	C15556	100	C4H9O6P	-H(-)	L-3,4-Dihydroxybutan-2-one 4-phosphate
127	183.006113838784	C04051	10	C4H6N4O	.NaCl-H(-)	5-Amino-4-imidazolecarboxyamide
127	183.006113838784	C02612	10	C5H8O5	.Cl(-)	(R)-2-Methylmalate
127	183.006113838784	C06032	10	C5H8O5	.Cl(-)	D-erythro-3-Methylmalate
127	183.006113838784	C00966	5	C6H10O4	.K/H-H(-)	2-Dehydropantoate
127	183.006113838784	C06006	5	C6H10O4	.K/H-H(-)	(S)-2-Aceto-2-hydroxybutanoate
127	183.006113838784	C14463	5	C6H10O4	.K/H-H(-)	(R)-3-Hydroxy-3-methyl-2-oxopentanoate
127	183.006113838784	C16272	5	C6H10O4	.K/H-H(-)	3-Hydroxy-5-oxohexanoate
128	183.066191782543	C11588	100	C9H12O4	-H(-)	cis-3-(Carboxy-ethyl)-3,5-cyclo-hexadiene-1,2-diol
128	183.066191782543	C01181	5	C7H16NO2	.K/H-H(-)	4-Trimethylammoniobutanoate
129	184.00155094743	C01005	100	C3H8NO6P	-H(-)	O-Phospho-L-serine
129	184.00155094743	C00025	5	C5H9NO4	.K/H-H(-)	L-Glutamate
129	184.00155094743	C00217	5	C5H9NO4	.K/H-H(-)	D-Glutamate
129	184.00155094743	C00302	5	C5H9NO4	.K/H-H(-)	Glutamate
129	184.00155094743	C00979	5	C5H9NO4	.K/H-H(-)	O-Acetyl-L-serine
129	184.00155094743	C05938	5	C5H9NO4	.K/H-H(-)	L-4-Hydroxyglutamate semialdehyde
130	186.04151531306	C20258	100	C7H9NO5	-H(-)	(2S,4S)-4-Hydroxy-2,3,4,5-tetrahydrodipicolinate
131	186.113398267923	C01092	100	C9H17NO3	-H(-)	8-Amino-7-oxononanoate
132	187.023455113777	C04225	74	C7H8O6	-H(-)	(Z)-But-2-ene-1,2,3-tricarboxylate
133	188.035047987777	C14800	100	C10H7NO3	-H(-)	1-Nitronaphthalene-5,6-oxide
133	188.035047987777	C14802	100	C10H7NO3	-H(-)	1-Nitronaphthalene-7,8-oxide
134	188.056569673506	C00624	100	C7H11NO5	-H(-)	N-Acetyl-L-glutamate
135	189.00455917164	C05379	100	C6H6O7	-H(-)	Oxalosuccinate
135	189.00455917164	C00152	10	C4H8N2O3	.NaCl-H(-)	L-Asparagine
135	189.00455917164	C02642	10	C4H8N2O3	.NaCl-H(-)	3-Ureidopropionate
135	189.00455917164	C00366	6	C5H4N4O3	.Na/H-H(-)	Urate
136	189.040209440005	C00944	100	C7H10O6	-H(-)	3-Dehydroquinate
136	189.040209440005	C00077	10	C5H12N2O2	.NaCl-H(-)	L-Ornithine
137	190.051091109097	C16596	100	C10H9NO3	-H(-)	5-Phenyl-1,3-oxazinane-2,4-dione
137	190.051091109097	C03972	40	C7H9NO4	.F(-)	2,3,4,5-Tetrahydrodipicolinate
138	191.020276666443	C00158	100	C6H8O7	-H(-)	Citrate
138	191.020276666443	C00311	100	C6H8O7	-H(-)	Isocitrate
138	191.020276666443	C00679	100	C6H8O7	-H(-)	5-Dehydro-4-deoxy-D-glucarate
138	191.020276666443	C02780	100	C6H8O7	-H(-)	2,5-Didehydro-D-gluconate
138	191.020276666443	C03921	100	C6H8O7	-H(-)	2-Dehydro-3-deoxy-D-glucarate
138	191.020276666443	C04575	100	C6H8O7	-H(-)	(4R,5S)-4,5,6-Trihydroxy-2,3-dioxohexanoate
139	191.056101036644	C00296	100	C7H12O6	-H(-)	Quinate
140	192.066046432089	C16587	100	C10H11NO3	-H(-)	3-Carbamoyl-2-phenylpropionaldehyde
140	192.066046432089	C16595	100	C10H11NO3	-H(-)	4-Hydroxy-5-phenyltetrahydro-1,3-oxazin-2-one
141	193.03434666473	C00191	100	C6H10O7	-H(-)	D-Glucuronate
141	193.03434666473	C00333	100	C6H10O7	-H(-)	D-Galacturonate
141	193.03434666473	C00558	100	C6H10O7	-H(-)	D-Tagaturonate
141	193.03434666473	C00618	100	C6H10O7	-H(-)	3-Dehydro-L-gulonate
141	193.03434666473	C00905	100	C6H10O7	-H(-)	D-Fructuronate
141	193.03434666473	C01062	100	C6H10O7	-H(-)	5-Dehydro-D-gluconate
141	193.03434666473	C06473	100	C6H10O7	-H(-)	2-Keto-D-gluconic acid
141	193.03434666473	C15673	100	C6H10O7	-H(-)	2-Dehydro-L-idonate
141	193.03434666473	C20248	45	C7H6N4O3	-H(-)	7-Carboxy-7-carbaguanine
142	194.081980529921	C16586	100	C10H13NO3	-H(-)	2-Phenyl-1,3-propanediol monocarbamate
143	195.050802623394	C00257	100	C6H12O7	-H(-)	D-Gluconic acid
143	195.050802623394	C00514	100	C6H12O7	-H(-)	D-Mannonate
143	195.050802623394	C00770	100	C6H12O7	-H(-)	L-Idonate
143	195.050802623394	C00817	100	C6H12O7	-H(-)	D-Altronate
143	195.050802623394	C00880	100	C6H12O7	-H(-)	D-Galactonate
144	195.066213397901	C12205	100	C10H12O4	-H(-)	5-Hydroxyconiferyl alcohol
145	198.087262894825	C06114	88	C8H13N3O3	-H(-)	gamma-Glutamyl-beta-aminopropiononitrile
146	199.002498651251	C00279	84	C4H9O7P	-H(-)	D-Erythrose 4-phosphate
147	199.074845425211	C14298	62	C13H12O2	-H(-)	Bis(4-hydroxyphenyl)methane
148	200.99599694464	C06206	100	C7H7O5P	-H(-)	Benzoyl phosphate
148	200.99599694464	C00166	5	C9H8O3	.K/H-H(-)	Phenylpyruvate
148	200.99599694464	C05838	5	C9H8O3	.K/H-H(-)	cis-2-Hydroxycinnamate
148	200.99599694464	C12621	5	C9H8O3	.K/H-H(-)	trans-3-Hydroxycinnamate
149	203.034348126641	C03657	100	C11H8O4	-H(-)	1,4-Dihydroxy-2-naphthoate
150	203.082862063051	C00078	100	C11H12N2O2	-H(-)	L-Tryptophan
151	208.035091030797	C17949	43	C6H12NO5P	-H(-)	N-Acetyldemethylphosphinothricin
152	209.081426426023	C02325	100	C11H14O4	-H(-)	Sinapyl alcohol
152	209.081426426023	C00062	10	C6H14N4O2	.Cl(-)	L-Arginine
153	211.024850388765	C12624	100	C9H8O6	-H(-)	2-Hydroxy-6-ketononatrienedioate
153	211.024850388765	C00158	36	C6H8O7	.F(-)	Citrate
153	211.024850388765	C00311	36	C6H8O7	.F(-)	Isocitrate
153	211.024850388765	C00679	36	C6H8O7	.F(-)	5-Dehydro-4-deoxy-D-glucarate
153	211.024850388765	C02780	36	C6H8O7	.F(-)	2,5-Didehydro-D-gluconate
153	211.024850388765	C03921	36	C6H8O7	.F(-)	2-Dehydro-3-deoxy-D-glucarate
153	211.024850388765	C04575	36	C6H8O7	.F(-)	(4R,5S)-4,5,6-Trihydroxy-2,3-dioxohexanoate
153	211.024850388765	C00499	10	C4H8N4O4	.Cl(-)	Allantoate
154	211.996636883797	C03082	100	C4H8NO7P	-H(-)	4-Phospho-L-aspartate
154	211.996636883797	C07335	100	C4H8NO7P	-H(-)	2-Amino-3-oxo-4-phosphonooxybutyrate
155	213.040031294295	C04479	100	C9H10O6	-H(-)	2-Hydroxy-6-oxonona-2,4-diene-1,9-dioate
155	213.040031294295	C00191	26	C6H10O7	.F(-)	D-Glucuronate
155	213.040031294295	C00333	26	C6H10O7	.F(-)	D-Galacturonate
155	213.040031294295	C00558	26	C6H10O7	.F(-)	D-Tagaturonate
155	213.040031294295	C00618	26	C6H10O7	.F(-)	3-Dehydro-L-gulonate
155	213.040031294295	C00905	26	C6H10O7	.F(-)	D-Fructuronate
155	213.040031294295	C01062	26	C6H10O7	.F(-)	5-Dehydro-D-gluconate
155	213.040031294295	C06473	26	C6H10O7	.F(-)	2-Keto-D-gluconic acid
155	213.040031294295	C15673	26	C6H10O7	.F(-)	2-Dehydro-L-idonate
155	213.040031294295	C20248	14	C7H6N4O3	.F(-)	7-Carboxy-7-carbaguanine
155	213.040031294295	C00296	5	C7H12O6	.Na/H-H(-)	Quinate
156	213.054773833629	C14220	100	C13H10O3	-H(-)	4,4'-Dihydroxybenzophenone
157	213.125112823945	C01909	100	C10H18N2O3	-H(-)	Dethiobiotin
158	215.032967379192	C11434	100	C5H13O7P	-H(-)	2-C-Methyl-D-erythritol 4-phosphate
158	215.032967379192	C00031	10	C6H12O6	.Cl(-)	D-Glucose
158	215.032967379192	C00095	10	C6H12O6	.Cl(-)	D-Fructose
158	215.032967379192	C00124	10	C6H12O6	.Cl(-)	D-Galactose
158	215.032967379192	C00137	10	C6H12O6	.Cl(-)	myo-Inositol
158	215.032967379192	C00159	10	C6H12O6	.Cl(-)	D-Mannose
158	215.032967379192	C00221	10	C6H12O6	.Cl(-)	beta-D-Glucose
158	215.032967379192	C00267	10	C6H12O6	.Cl(-)	alpha-D-Glucose
158	215.032967379192	C00984	10	C6H12O6	.Cl(-)	alpha-D-Galactose
158	215.032967379192	C01487	10	C6H12O6	.Cl(-)	D-Allose
158	215.032967379192	C01934	10	C6H12O6	.Cl(-)	L-Rhamnonate
158	215.032967379192	C02336	10	C6H12O6	.Cl(-)	beta-D-Fructose
159	216.098985927481	C15532	100	C8H15N3O4	-H(-)	N-Acetyl-L-citrulline
160	216.135165638035	C15699	100	C9H19N3O3	-H(-)	gamma-L-Glutamylputrescine
161	217.985949204981	C03360	100	C6H6NO6P	-H(-)	4-Nitrophenyl phosphate
162	218.033385462893	C04556	100	C6H10N3O4P	-H(-)	4-Amino-2-methyl-5-phosphomethylpyrimidine
163	218.103318134541	C00864	100	C9H17NO5	-H(-)	Pantothenate
164	220.083036449714	C00140	100	C8H15NO6	-H(-)	N-Acetyl-D-glucosamine
164	220.083036449714	C00645	100	C8H15NO6	-H(-)	N-Acetyl-D-mannosamine
164	220.083036449714	C01132	100	C8H15NO6	-H(-)	N-Acetyl-D-galactosamine
165	224.057380741804	C11355	100	C10H11NO5	-H(-)	4-Amino-4-deoxychorismate
165	224.057380741804	C00248	37	C8H15NOS2	.F(-)	Lipoamide
166	225.039509553606	C00251	100	C10H10O6	-H(-)	Chorismate
166	225.039509553606	C00254	100	C10H10O6	-H(-)	Prephenate
166	225.039509553606	C00885	100	C10H10O6	-H(-)	Isochorismate
166	225.039509553606	C02225	19	C7H10O7	.F(-)	2-Methylcitrate
166	225.039509553606	C04593	19	C7H10O7	.F(-)	(2S,3R)-3-Hydroxybutane-1,2,3-tricarboxylate
166	225.039509553606	C00534	6	C8H12N2O2	.NaCl-H(-)	Pyridoxamine
167	225.088724980706	C00931	100	C10H14N2O4	-H(-)	Porphobilinogen
168	226.012914968046	C03287	100	C5H10NO7P	-H(-)	L-Glutamyl 5-phosphate
168	226.012914968046	C16391	42	C7H5N3O6	-H(-)	Trinitrotoluene
168	226.012914968046	C00624	5	C7H11NO5	.K/H-H(-)	N-Acetyl-L-glutamate
169	226.071353329229	C00826	100	C10H13NO5	-H(-)	L-Arogenate
169	226.071353329229	C00579	18	C8H17NOS2	.F(-)	Dihydrolipoamide
170	226.085260288766	C00881	98	C9H13N3O4	-H(-)	Deoxycytidine
170	226.085260288766	C10858	8	C9H15NO3	.Na/H.F(-)	Ecgonine
171	227.069164733499	C00526	69	C9H12N2O5	-H(-)	Deoxyuridine
171	227.069164733499	C03582	57	C14H12O3	-H(-)	Resveratrol
172	227.106759211181	C13624	100	C15H16O2	-H(-)	Bisphenol A
173	229.050282356423	C18216	100	C13H10O4	-H(-)	4-Hydroxyphenyl-4-hydroxybenzoate
174	229.086089775457	C05570	35	C9H16N3O2S	-H(-)	Ergothioneine
174	229.086089775457	C02325	20	C11H14O4	.F(-)	Sinapyl alcohol
175	230.067459425392	C05932	100	C9H13NO6	-H(-)	N-Succinyl-L-glutamate 5-semialdehyde
176	231.100186494884	C03415	91	C9H16N2O5	-H(-)	N2-Succinyl-L-ornithine
176	231.100186494884	C15767	91	C9H16N2O5	-H(-)	4-(L-gamma-Glutamylamino)butanoate
177	236.078596408172	C03684	100	C9H11N5O3	-H(-)	6-Pyruvoyltetrahydropterin
178	237.031421821257	C04666	41	C6H11N2O6P	-H(-)	D-erythro-1-(Imidazol-4-yl)glycerol 3-phosphate
178	237.031421821257	C00590	9	C10H12O3	.NaCl-H(-)	Coniferyl alcohol
178	237.031421821257	C14298	7	C13H12O2	.K/H-H(-)	Bis(4-hydroxyphenyl)methane
179	237.061926701056	C01187	100	C8H14O8	-H(-)	3-Deoxy-D-manno-octulosonate
180	239.056116884395	C05817	100	C11H12O6	-H(-)	(1R,6R)-6-Hydroxy-2-succinylcyclohexa-2,4-diene-1-carboxylate
181	241.082581069338	C00214	100	C10H14N2O5	-H(-)	Thymidine
182	243.027670691077	C01099	100	C6H13O8P	-H(-)	L-Fuculose 1-phosphate
182	243.027670691077	C01131	100	C6H13O8P	-H(-)	L-Rhamnulose 1-phosphate
182	243.027670691077	C02730	10	C11H10O5	.Na/H-H(-)	2-Succinylbenzoate
183	243.06095852131	C00299	100	C9H12N2O6	-H(-)	Uridine
183	243.06095852131	C02067	100	C9H12N2O6	-H(-)	Pseudouridine
184	246.016402931015	C00018	100	C8H10NO6P	-H(-)	Pyridoxal phosphate
184	246.016402931015	C16391	40	C7H5N3O6	.F(-)	Trinitrotoluene
184	246.016402931015	C03287	20	C5H10NO7P	.F(-)	L-Glutamyl 5-phosphate
184	246.016402931015	C00624	7	C7H11NO5	.NaCl-H(-)	N-Acetyl-L-glutamate
185	249.0555272975	C00669	100	C8H14N2O5S	-H(-)	gamma-L-Glutamyl-L-cysteine
185	249.0555272975	C18216	34	C13H10O4	.F(-)	4-Hydroxyphenyl-4-hydroxybenzoate
185	249.0555272975	C03582	5	C14H12O3	.Na/H-H(-)	Resveratrol
186	251.076031599064	C05512	39	C10H12N4O4	-H(-)	Deoxyinosine
186	251.076031599064	C15586	39	C10H12N4O4	-H(-)	N-D-Ribosylpurine
187	253.092773203373	C05401	100	C9H18O8	-H(-)	3-beta-D-Galactosyl-sn-glycerol
188	254.993338644497	C16186	45	C6H9O9P	-H(-)	L-Ascorbate 6-phosphate
188	254.993338644497	C01267	10	C6H9N2O5P	.Cl(-)	3-(Imidazol-4-yl)-2-oxopropyl phosphate
189	255.232849686777	C00249	100	C16H32O2	-H(-)	Hexadecanoic acid
190	257.103444706457	C00670	100	C8H21NO6P	-H(-)	sn-Glycero-3-phosphocholine
191	258.040151252693	C00352	58	C6H14NO8P	-H(-)	D-Glucosamine 6-phosphate
191	258.040151252693	C06156	58	C6H14NO8P	-H(-)	alpha-D-Glucosamine 1-phosphate
191	258.040151252693	C06377	58	C6H14NO8P	-H(-)	D-Galactosamine 6-phosphate
191	258.040151252693	C12214	58	C6H14NO8P	-H(-)	Aminofructose 6-phosphate
192	259.022691457626	C00085	100	C6H13O9P	-H(-)	D-Fructose 6-phosphate
192	259.022691457626	C00092	100	C6H13O9P	-H(-)	D-Glucose 6-phosphate
192	259.022691457626	C00103	100	C6H13O9P	-H(-)	D-Glucose 1-phosphate
192	259.022691457626	C00275	100	C6H13O9P	-H(-)	D-Mannose 6-phosphate
192	259.022691457626	C00446	100	C6H13O9P	-H(-)	alpha-D-Galactose 1-phosphate
192	259.022691457626	C00636	100	C6H13O9P	-H(-)	D-Mannose 1-phosphate
192	259.022691457626	C00663	100	C6H13O9P	-H(-)	beta-D-Glucose 1-phosphate
192	259.022691457626	C00668	100	C6H13O9P	-H(-)	alpha-D-Glucose 6-phosphate
192	259.022691457626	C01094	100	C6H13O9P	-H(-)	D-Fructose 1-phosphate
192	259.022691457626	C01097	100	C6H13O9P	-H(-)	D-Tagatose 6-phosphate
192	259.022691457626	C01172	100	C6H13O9P	-H(-)	beta-D-Glucose 6-phosphate
192	259.022691457626	C01177	100	C6H13O9P	-H(-)	Inositol 1-phosphate
192	259.022691457626	C02962	100	C6H13O9P	-H(-)	D-Allose 6-phosphate
192	259.022691457626	C03267	100	C6H13O9P	-H(-)	beta-D-Fructose 2-phosphate
192	259.022691457626	C03546	100	C6H13O9P	-H(-)	myo-Inositol 4-phosphate
192	259.022691457626	C04006	100	C6H13O9P	-H(-)	1D-myo-Inositol 3-phosphate
192	259.022691457626	C05345	100	C6H13O9P	-H(-)	beta-D-Fructose 6-phosphate
192	259.022691457626	C18096	100	C6H13O9P	-H(-)	D-Allulose 6-phosphate
192	259.022691457626	C00491	40	C6H12N2O4S2	.F(-)	L-Cystine
193	259.097941863123	C13634	100	C15H16O4	-H(-)	2,3-Bis(4-hydroxyphenyl)-1,2-propanediol
194	266.069887548873	C03539	100	C9H17NO6S	-H(-)	S-Ribosyl-L-homocysteine
195	267.073006199994	C11544	100	C9H16O9	-H(-)	2(alpha-D-Mannosyl)-D-glycerate
195	267.073006199994	C00294	100	C10H12N4O5	-H(-)	Inosine
196	269.008187237495	C05699	15	C7H14N2O4Se	-H(-)	L-Selenocystathionine
197	271.083121545875	C06186	100	C12H16O7	-H(-)	Arbutin
197	271.083121545875	C01909	10	C10H18N2O3	.NaCl-H(-)	Dethiobiotin
198	275.017557903852	C00345	100	C6H13O10P	-H(-)	6-Phospho-D-gluconate
198	275.017557903852	C01187	5	C8H14O8	.K/H-H(-)	3-Deoxy-D-manno-octulosonate
199	277.119471410118	C05775	100	C14H18N2O4	-H(-)	alpha-Ribazole
200	277.217482001542	C06427	100	C18H30O2	-H(-)	(9Z,12Z,15Z)-Octadecatrienoic acid
201	279.233113173337	C01595	100	C18H32O2	-H(-)	Linoleate
202	282.084876890511	C00387	100	C10H13N5O5	-H(-)	Guanosine
203	283.068214797712	C01762	100	C10H12N4O6	-H(-)	Xanthosine
204	285.09751982554	C01451	100	C13H18O7	-H(-)	Salicin
205	289.033682598789	C05382	100	C7H15O10P	-H(-)	Sedoheptulose 7-phosphate
205	289.033682598789	C07836	100	C7H15O10P	-H(-)	D-glycero-beta-D-manno-Heptose 7-phosphate
205	289.033682598789	C07838	100	C7H15O10P	-H(-)	D-glycero-beta-D-manno-Heptose 1-phosphate
205	289.033682598789	C19878	100	C7H15O10P	-H(-)	D-glycero-alpha-D-manno-Heptose 7-phosphate
205	289.033682598789	C19880	100	C7H15O10P	-H(-)	D-glycero-alpha-D-manno-Heptose 1-phosphate
205	289.033682598789	C19882	100	C7H15O10P	-H(-)	D-glycero-D-manno-Heptose 7-phosphate
205	289.033682598789	C05512	5	C10H12N4O4	.K/H-H(-)	Deoxyinosine
205	289.033682598789	C15586	5	C10H12N4O4	.K/H-H(-)	N-D-Ribosylpurine
206	289.107894379096	C04421	51	C11H18N2O7	-H(-)	N-Succinyl-LL-2,6-diaminoheptanedioate
207	292.103834883786	C02713	100	C11H19NO8	-H(-)	N-Acetylmuramate
208	292.981478172888	C04175	69	C5H12O10P2	-H(-)	2-Deoxy-D-ribose 1,5-bisphosphate
208	292.981478172888	C01236	6	C6H11O9P	.Cl(-)	D-Glucono-1,5-lactone 6-phosphate
208	292.981478172888	C01286	6	C6H11O9P	.Cl(-)	2-Dehydro-3-deoxy-6-phospho-D-galactonate
208	292.981478172888	C04442	6	C6H11O9P	.Cl(-)	2-Dehydro-3-deoxy-6-phospho-D-gluconate
209	297.998956664989	C04752	100	C6H11N3O7P2	-H(-)	2-Methyl-4-amino-5-hydroxymethylpyrimidine diphosphate
210	306.050169620473	C00239	100	C9H14N3O7P	-H(-)	dCMP
210	306.050169620473	C03506	16	C11H14NO6P	.F(-)	Indoleglycerol phosphate
211	306.076736993251	C00051	100	C10H17N3O6S	-H(-)	Glutathione
212	308.09886315856	C00270	100	C11H19NO9	-H(-)	N-Acetylneuraminate
213	308.978262686981	C01151	100	C5H12O11P2	-H(-)	D-Ribose 1,5-bisphosphate
213	308.978262686981	C01182	100	C5H12O11P2	-H(-)	D-Ribulose 1,5-bisphosphate
213	308.978262686981	C14899	10	C6H11O10P	.Cl(-)	3-Dehydro-L-gulonate 6-phosphate
214	321.049751066548	C00364	100	C10H15N2O8P	-H(-)	dTMP
215	323.02814587438	C00105	100	C9H13N2O9P	-H(-)	UMP
215	323.02814587438	C01168	100	C9H13N2O9P	-H(-)	Pseudouridine 5'-phosphate
215	323.02814587438	C01368	100	C9H13N2O9P	-H(-)	3'-UMP
216	325.092607562709	C05839	100	C15H18O8	-H(-)	cis-beta-D-Glucosyl-2-hydroxycinnamate
216	325.092607562709	C03406	10	C10H18N4O6	.Cl(-)	N-(L-Arginino)succinate
217	325.114121339632	C04332	82	C13H18N4O6	-H(-)	6,7-Dimethyl-8-(D-ribityl)lumazine
218	330.058942437359	C00360	77	C10H14N5O6P	-H(-)	dAMP
218	330.058942437359	C02713	7	C11H19NO8	.K/H-H(-)	N-Acetylmuramate
219	335.221517547914	C05356	80	C20H32O4	-H(-)	5(S)-HPETE
219	335.221517547914	C05966	80	C20H32O4	-H(-)	15(S)-HPETE
220	337.055747677085	C04677	100	C9H15N4O8P	-H(-)	1-(5'-Phosphoribosyl)-5-amino-4-imidazolecarboxamide
221	338.988277812346	C00354	100	C6H14O12P2	-H(-)	D-Fructose 1,6-bisphosphate
221	338.988277812346	C03693	100	C6H14O12P2	-H(-)	D-Mannose 1,6-bisphosphate
221	338.988277812346	C03785	100	C6H14O12P2	-H(-)	D-Tagatose 1,6-bisphosphate
221	338.988277812346	C05378	100	C6H14O12P2	-H(-)	beta-D-Fructose 1,6-bisphosphate
222	341.022485697485	C16634	13	C9H12FN2O9P	-H(-)	5-Fluorouridine monophosphate
223	341.108994549854	C00089	100	C12H22O11	-H(-)	Sucrose
223	341.108994549854	C00185	100	C12H22O11	-H(-)	Cellobiose
223	341.108994549854	C00208	100	C12H22O11	-H(-)	Maltose
223	341.108994549854	C00243	100	C12H22O11	-H(-)	Lactose
223	341.108994549854	C01083	100	C12H22O11	-H(-)	alpha,alpha-Trehalose
223	341.108994549854	C01235	100	C12H22O11	-H(-)	alpha-D-Galactosyl-(1->3)-1D-myo-inositol
223	341.108994549854	C05400	100	C12H22O11	-H(-)	Epimelibiose
223	341.108994549854	C05402	100	C12H22O11	-H(-)	Melibiose
224	346.055607509233	C00020	100	C10H14N5O7P	-H(-)	AMP
224	346.055607509233	C00362	100	C10H14N5O7P	-H(-)	dGMP
224	346.055607509233	C01367	100	C10H14N5O7P	-H(-)	3'-AMP
225	348.08781694913	C14871	100	C12H19N3O7S	-H(-)	S-(Formylmethyl)glutathione
226	357.089385520499	C01134	100	C11H23N2O7PS	-H(-)	Pantetheine 4'-phosphate
226	357.089385520499	C04079	10	C12H22N2O6S	.Cl(-)	N-((R)-Pantothenoyl)-L-cysteine
227	363.148640532213	C02999	35	C14H24N2O9	-H(-)	N-Acetylmuramoyl-Ala
228	375.130977369024	C00255	100	C17H20N4O6	-H(-)	Riboflavin
229	381.12051723383	C00448	34	C15H28O7P2	-H(-)	trans,trans-Farnesyl diphosphate
230	397.127231714837	C00019	100	C15H22N6O5S	-H(-)	S-Adenosyl-L-methionine
231	426.022285302234	C00008	100	C10H15N5O10P2	-H(-)	ADP
231	426.022285302234	C00054	100	C10H15N5O10P2	-H(-)	Adenosine 3',5'-bisphosphate
231	426.022285302234	C00361	100	C10H15N5O10P2	-H(-)	dGDP
231	426.022285302234	C05993	5	C12H16N5O8P	.K/H-H(-)	Acetyl adenylate
232	433.223919997695	C05730	100	C17H34N6O5S	-H(-)	Glutathionylspermidine
233	466.964772660912	C00460	65	C9H15N2O14P3	-H(-)	dUTP
234	503.161339537387	C00492	100	C18H32O16	-H(-)	Raffinose
234	503.161339537387	C05404	100	C18H32O16	-H(-)	D-Gal alpha 1->6D-Gal alpha 1->6D-Glucose
235	547.072821825982	C03319	100	C16H26N2O15P2	-H(-)	dTDP-L-rhamnose
236	561.247625303283	C02191	100	C34H34N4O4	-H(-)	Protoporphyrin
237	579.026272754245	C00167	100	C15H22N2O18P2	-H(-)	UDP-glucuronate
238	601.95070213485	C01228	100	C10H17N5O17P4	-H(-)	Guanosine 3',5'-bis(diphosphate)
239	606.073592581065	C00043	100	C17H27N3O17P2	-H(-)	UDP-N-acetyl-alpha-D-glucosamine
239	606.073592581065	C01170	100	C17H27N3O17P2	-H(-)	UDP-N-acetyl-D-mannosamine
240	611.143322406033	C00127	100	C20H32N6O12S2	-H(-)	Glutathione disulfide
241	637.53388101155	C05810	78	C46H70O	-H(-)	2-Octaprenylphenol
242	659.30646482499	C03263	73	C36H44N4O8	-H(-)	Coproporphyrinogen III
242	659.30646482499	C05768	73	C36H44N4O8	-H(-)	Coproporphyrinogen I
243	665.212849641675	C01613	91	C24H42O21	-H(-)	Stachyose
244	808.126439387394	C00024	35	C23H38N7O17P3S	-H(-)	Acetyl-CoA
245	845.655384918057	C17556	66	C55H91O4P	-H(-)	di-trans,poly-cis-Undecaprenyl phosphate
246	866.160352974742	C04405	100	C26H44N7O18P3S	-H(-)	(2S,3S)-3-Hydroxy-2-methylbutanoyl-CoA
246	866.160352974742	C05998	100	C26H44N7O18P3S	-H(-)	3-Hydroxyisovaleryl-CoA
247	925.622216921466	C04574	100	C55H92O7P2	-H(-)	di-trans,poly-cis-Undecaprenyl diphosphate
